9.669675827026367188e+00,4.399176597595214844e+00,3.926191329956054688e+00,4.684862136840820312e+00,-5.999605655670166016e+00,4.491661071777343750e+00,9.656255722045898438e+00,-6.478242874145507812e+00,9.125257492065429688e+00,8.183038711547851562e+00,6.191255569458007812e+00,-4.291905403137207031e+00,3.345374107360839844e+00,4.818476676940917969e+00,-1.612819671630859375e+00,-5.250419616699218750e+00,-1.612557411193847656e+00,1.905658721923828125e+00,7.151205062866210938e+00,2.564754486083984375e+00,-7.582644462585449219e+00,7.550998687744140625e+00,-8.153942108154296875e+00,-7.668220996856689453e+00,6.623830795288085938e+00,7.302141189575195312e-01,-2.040871620178222656e+00,-6.885004043579101562e-01,2.404743194580078125e+00,6.437772750854492188e+00,-9.543796539306640625e+00,8.826562881469726562e+00,-5.000266075134277344e+00,-3.286187648773193359e+00,1.850481033325195312e+00,3.153932571411132812e+00,6.251852035522460938e+00,-7.081398963928222656e+00,9.305217742919921875e+00,-4.838095664978027344e+00,-8.470654487609863281e+00,5.634857177734375000e+00,5.825443267822265625e-01,1.089221954345703125e+00,2.677750587463378906e+00,-7.953721046447753906e+00,9.662221908569335938e+00,7.775175094604492188e+00,6.045467376708984375e+00,-7.933596611022949219e+00
-4.319379329681396484e+00,-2.272894382476806641e+00,-9.155787467956542969e+00,1.972295761108398438e+00,-2.927451133728027344e+00,3.238763809204101562e+00,-4.413056373596191406e+00,-3.269622325897216797e+00,1.453977584838867188e+00,2.823198318481445312e+00,6.392152786254882812e+00,-5.375656127929687500e+00,5.625497817993164062e+00,3.479555130004882812e+00,-7.684755325317382812e+00,-6.511185169219970703e+00,3.136653900146484375e-01,-2.047439575195312500e+00,6.314306259155273438e+00,-3.906415939331054688e+00,-7.352748870849609375e+00,-7.168996334075927734e+00,2.547122955322265625e+00,2.138234138488769531e+00,7.535676956176757812e+00,-8.699121475219726562e+00,-5.976000785827636719e+00,-1.657983779907226562e+00,-1.537721633911132812e+00,1.192650794982910156e+00,-1.805225372314453125e+00,-7.515715599060058594e+00,-1.102324485778808594e+00,-1.983310699462890625e+00,-9.162293434143066406e+00,1.909049987792968750e+00,9.804229736328125000e-01,-1.273497581481933594e+00,4.223260879516601562e-01,-6.006852149963378906e+00,9.204885482788085938e+00,6.475578308105468750e+00,2.749498367309570312e+00,-4.970407485961914062e-01,6.775815963745117188e+00,4.309745788574218750e+00,7.609272003173828125e-01,-7.573282718658447266e+00,-6.720993518829345703e+00,-8.042028427124023438e+00
1.831466674804687500e+00,-5.265835762023925781e+00,9.358486175537109375e+00,-1.968763351440429688e+00,2.151660919189453125e+00,-7.818958759307861328e+00,-6.575130462646484375e+00,2.172454833984375000e+00,-7.399742603302001953e+00,-2.525609970092773438e+00,-4.348503112792968750e+00,-7.097912788391113281e+00,-3.348784446716308594e+00,3.462951660156250000e+00,6.002670288085937500e+00,9.741651535034179688e+00,9.448238372802734375e+00,-1.169081687927246094e+00,-6.858869552612304688e+00,9.015371322631835938e+00,-1.086836814880371094e+00,2.824912071228027344e+00,-6.268708705902099609e+00,-7.470629215240478516e+00,-6.613757610321044922e+00,-7.081403732299804688e+00,-2.192914485931396484e+00,-6.819888114929199219e+00,-2.769768238067626953e+00,2.120715141296386719e+00,2.584776878356933594e+00,-2.304958343505859375e+00,-3.239250183105468750e-01,5.854547500610351562e+00,-2.539764404296875000e+00,1.824142456054687500e+00,-8.069577217102050781e+00,8.344173431396484375e-01,-6.033315658569335938e+00,-2.232835292816162109e+00,3.075338363647460938e+00,-5.435857772827148438e-01,4.777230262756347656e+00,-2.665556907653808594e+00,3.137163162231445312e+00,2.024897575378417969e+00,6.159080505371093750e+00,-5.004230499267578125e+00,-1.050527572631835938e+00,-7.586606979370117188e+00
-6.344261169433593750e+00,-4.040609359741210938e+00,1.123991012573242188e-01,3.774948120117187500e+00,-2.720596790313720703e+00,9.340227127075195312e+00,9.873018264770507812e+00,7.237070083618164062e+00,3.049741744995117188e+00,-8.429849624633789062e+00,7.471504211425781250e-01,-7.781148910522460938e+00,6.096000671386718750e-01,3.015603065490722656e+00,5.005731582641601562e+00,2.774562835693359375e-01,1.308239936828613281e+00,9.671899795532226562e+00,9.696891784667968750e+00,-7.493295669555664062e+00,8.301658630371093750e-01,-2.256379127502441406e+00,6.689716339111328125e+00,2.853597640991210938e+00,-3.788695335388183594e+00,-5.086817741394042969e+00,4.506198883056640625e+00,2.812852859497070312e-01,6.194030761718750000e+00,-2.436431884765625000e+00,4.259023666381835938e+00,-6.883649826049804688e+00,7.069471359252929688e+00,6.891731262207031250e+00,-7.745461463928222656e+00,-2.045967578887939453e+00,-7.397010326385498047e+00,-7.462012767791748047e+00,4.987258911132812500e+00,8.621236801147460938e+00,2.961420059204101562e+00,6.763059616088867188e+00,-1.547680854797363281e+00,-3.478637695312500000e+00,-3.145676612854003906e+00,-1.999576568603515625e+00,7.099473953247070312e+00,5.220115661621093750e+00,9.917644500732421875e+00,-5.536662101745605469e+00
2.073808670043945312e+00,-6.152346134185791016e+00,9.078655242919921875e-01,1.337589263916015625e+00,5.449476242065429688e+00,-4.938628673553466797e+00,4.391184806823730469e+00,5.648889541625976562e-01,3.790163993835449219e+00,6.290567398071289062e+00,-5.020511150360107422e+00,7.060035705566406250e+00,1.156084060668945312e+00,5.203100204467773438e+00,-4.985005855560302734e+00,-8.376139640808105469e+00,5.704988479614257812e+00,-5.299835205078125000e-01,5.579626083374023438e+00,-7.744801044464111328e+00,1.039948463439941406e+00,8.221954345703125000e+00,-8.162870407104492188e-01,3.047559738159179688e+00,-5.533966064453125000e+00,-2.428852081298828125e+00,-6.871065139770507812e+00,9.947204589843750000e-02,8.608718872070312500e+00,-3.834713935852050781e+00,-8.851164817810058594e+00,-2.419133186340332031e+00,8.489118576049804688e+00,-6.238944530487060547e+00,4.631792068481445312e+00,6.010198593139648438e+00,1.178952217102050781e+00,3.312668800354003906e+00,-9.369686126708984375e+00,6.069957733154296875e+00,-4.106668472290039062e+00,8.934562683105468750e+00,5.567542076110839844e+00,-4.256434440612792969e+00,6.420204162597656250e+00,-9.331943511962890625e+00,-9.074062347412109375e+00,5.306567192077636719e+00,-5.586626529693603516e+00,2.176193237304687500e+00
-9.387840270996093750e+00,-4.057091712951660156e+00,7.592145919799804688e+00,8.687759399414062500e+00,-6.599810123443603516e+00,-5.218327045440673828e+00,4.451545715332031250e+00,-5.759960174560546875e+00,-7.847761154174804688e+00,3.228549957275390625e-01,7.702314376831054688e+00,3.396367073059082031e+00,-4.804232120513916016e+00,-1.354255676269531250e+00,7.064218521118164062e+00,-5.452776908874511719e+00,-4.279704093933105469e+00,-5.845246315002441406e+00,4.875407218933105469e+00,-2.843029499053955078e+00,7.324563980102539062e+00,3.132261276245117188e+00,1.561840057373046875e+00,6.174942016601562500e+00,2.869928359985351562e+00,-2.778843879699707031e+00,8.574235916137695312e+00,9.480678558349609375e+00,4.368450164794921875e+00,-9.457720756530761719e+00,3.916425704956054688e+00,1.732410430908203125e+00,-5.675703048706054688e+00,4.660438537597656250e+00,5.049265861511230469e+00,-7.998476028442382812e+00,-4.864377021789550781e+00,-6.829834938049316406e+00,2.440367698669433594e+00,-2.906465530395507812e+00,4.317623138427734375e+00,-3.944387435913085938e-01,-2.735246658325195312e+00,6.189704895019531250e+00,1.186815261840820312e+00,2.672825813293457031e+00,8.121862411499023438e+00,-2.987091541290283203e+00,3.341097831726074219e+00,5.708312988281250000e-02
6.500471115112304688e+00,-9.903472900390625000e+00,-2.121373176574707031e+00,-5.660743713378906250e-01,6.144338607788085938e+00,-8.083694458007812500e+00,5.318528175354003906e+00,-5.360302925109863281e+00,5.140323638916015625e-01,1.985788345336914062e-01,-1.137641906738281250e+00,-5.055072307586669922e+00,-3.760077953338623047e+00,4.960973739624023438e+00,-2.847961425781250000e+00,-4.733011722564697266e+00,7.577585220336914062e+00,-2.927451133728027344e+00,-1.843561172485351562e+00,8.292388916015625000e-01,-7.418584823608398438e-01,-1.454501152038574219e+00,-8.154260635375976562e+00,-6.155200004577636719e+00,6.216232299804687500e+00,4.725812911987304688e+00,1.343746185302734375e-01,-7.284090518951416016e+00,-4.328418731689453125e+00,-8.563938140869140625e+00,-4.637619018554687500e+00,4.776233673095703125e+00,6.341522216796875000e+00,6.991367340087890625e+00,3.932022094726562500e+00,9.579036712646484375e+00,5.596789360046386719e+00,-6.262656211853027344e+00,4.744359016418457031e+00,-2.133063316345214844e+00,-6.123124122619628906e+00,-9.342855453491210938e+00,-9.557134628295898438e+00,9.344207763671875000e+00,4.679887771606445312e+00,-1.257066726684570312e+00,4.747398376464843750e+00,1.933322906494140625e+00,-7.313266754150390625e+00,6.737094879150390625e+00
-6.271458625793457031e+00,7.447164535522460938e+00,-9.147781372070312500e+00,7.973514556884765625e+00,-2.614979743957519531e+00,-6.436192989349365234e+00,2.303605079650878906e+00,9.455808639526367188e+00,2.378054618835449219e+00,4.490940093994140625e+00,3.346409797668457031e+00,6.825298309326171875e+00,-4.269223213195800781e+00,6.149023056030273438e+00,7.029855728149414062e+00,3.529346466064453125e+00,-5.673174858093261719e+00,-5.565636157989501953e+00,-9.077720642089843750e-01,-7.203502655029296875e-01,7.561800003051757812e+00,4.120360374450683594e+00,3.221847534179687500e+00,5.335053443908691406e+00,-4.479781150817871094e+00,9.349182128906250000e+00,-2.899057865142822266e+00,-1.702802658081054688e+00,8.761423110961914062e+00,-7.452487945556640625e+00,3.923020362854003906e+00,7.727613449096679688e-01,-4.459023475646972656e+00,8.538318634033203125e+00,-3.513945579528808594e+00,6.391487121582031250e-01,2.375754356384277344e+00,5.698072433471679688e+00,4.619834899902343750e+00,-5.146051406860351562e+00,-6.791466712951660156e+00,6.165969848632812500e+00,-6.561189651489257812e+00,-3.571434020996093750e-01,-3.794403076171875000e+00,8.860054016113281250e-01,-9.102476119995117188e+00,2.475023269653320312e+00,3.806617736816406250e+00,-4.428768157958984375e-02
9.942647933959960938e+00,7.116554260253906250e+00,-5.649814605712890625e-01,-3.487342834472656250e+00,-8.835803031921386719e+00,4.751623153686523438e+00,-8.379493713378906250e+00,-1.212109565734863281e+00,7.674489974975585938e+00,-9.707901000976562500e+00,-6.014114379882812500e+00,-6.648744583129882812e+00,-4.026798248291015625e+00,-3.663082122802734375e-01,-5.876555442810058594e+00,-7.091952323913574219e+00,-9.187849998474121094e+00,3.286296844482421875e+00,-7.905178070068359375e-01,-5.338711738586425781e+00,6.492042541503906250e-01,-4.548703193664550781e+00,-3.625812530517578125e-01,-8.020443916320800781e+00,-5.266308784484863281e+00,-9.749301910400390625e+00,-4.229959487915039062e+00,5.527515411376953125e-01,-1.405525207519531250e-01,6.527709960937500000e-02,9.775644302368164062e+00,-3.016877174377441406e+00,-6.483829021453857422e+00,7.134860992431640625e+00,6.172391891479492188e+00,3.137079238891601562e+00,-8.086469650268554688e+00,9.139011383056640625e+00,-5.538573265075683594e+00,8.385910034179687500e+00,7.781127929687500000e+00,-7.676912307739257812e+00,6.752531051635742188e+00,-4.442451000213623047e+00,3.079672813415527344e+00,2.881957054138183594e+00,-1.117821693420410156e+00,-6.757272720336914062e+00,-6.030623912811279297e+00,-9.357552528381347656e+00
-8.686795234680175781e+00,-5.681509971618652344e+00,2.497493743896484375e+00,-7.736783981323242188e+00,-7.294529914855957031e+00,3.937376022338867188e+00,-1.699671745300292969e+00,-8.010645866394042969e+00,-8.413267135620117188e-01,-8.424940109252929688e+00,-1.871868133544921875e+00,7.696317672729492188e+00,-2.432205677032470703e+00,9.934259414672851562e+00,5.898122787475585938e+00,1.903695106506347656e+00,-5.456647872924804688e+00,-1.599444389343261719e+00,-7.749429702758789062e+00,-2.618274688720703125e+00,-1.767672538757324219e+00,9.642715454101562500e+00,9.585855484008789062e+00,2.375047683715820312e+00,-3.006591796875000000e-01,-1.402173995971679688e+00,8.219703674316406250e+00,3.649877548217773438e+00,-6.242582798004150391e+00,-9.382266044616699219e+00,9.160949707031250000e+00,-7.609546184539794922e+00,4.363165855407714844e+00,1.769226074218750000e+00,-6.044670104980468750e+00,-1.722507476806640625e+00,-4.784607887268066406e+00,7.001676559448242188e-01,8.566932678222656250e+00,-5.807815551757812500e+00,-8.595477104187011719e+00,-2.762044906616210938e+00,-7.339786529541015625e+00,-8.134646415710449219e+00,-3.621540069580078125e+00,-7.962146759033203125e+00,-8.216606140136718750e+00,7.351198196411132812e-01,5.092958450317382812e+00,-7.123930454254150391e+00
7.050415039062500000e+00,-4.003403186798095703e+00,1.692608833312988281e+00,1.702548027038574219e+00,3.373032569885253906e+00,1.797088623046875000e+00,-3.897199630737304688e-01,-2.039791107177734375e+00,-7.019000053405761719e+00,-7.558664321899414062e+00,-8.040047645568847656e+00,3.664092063903808594e+00,9.143482208251953125e+00,-8.066349029541015625e+00,-8.895833969116210938e+00,-7.106314659118652344e+00,-8.557919502258300781e+00,7.259662628173828125e+00,-5.711319446563720703e+00,-9.894380569458007812e-01,-2.396944999694824219e+00,3.564907073974609375e+00,-2.489438056945800781e+00,-5.157881736755371094e+00,-7.203154563903808594e+00,-9.236969947814941406e+00,-3.054418563842773438e+00,1.570415496826171875e-01,-4.314193725585937500e+00,9.253215789794921875e-01,8.101932525634765625e+00,1.960059165954589844e+00,-6.205390930175781250e+00,1.782157897949218750e+00,-1.851661682128906250e+00,6.257066726684570312e+00,-8.923168182373046875e-01,2.696648597717285156e+00,-7.434886932373046875e+00,1.553802490234375000e+00,-2.951785087585449219e+00,-4.871954917907714844e+00,-4.411300659179687500e+00,-8.626827239990234375e+00,-1.653099060058593750e-01,-5.591258049011230469e+00,-9.006686210632324219e+00,4.327840805053710938e+00,-2.698290348052978516e+00,-1.662191390991210938e+00
-1.422810554504394531e+00,5.771589279174804688e-01,6.495931625366210938e+00,-8.483470916748046875e+00,2.997507095336914062e+00,5.404291152954101562e+00,8.742925643920898438e+00,8.032047271728515625e+00,-9.419202804565429688e-01,5.526842117309570312e+00,-1.471014022827148438e+00,-9.712452888488769531e+00,5.531509399414062500e+00,4.476079940795898438e-01,6.537279129028320312e+00,2.557425498962402344e+00,-5.617933273315429688e+00,-9.979042053222656250e+00,3.872482299804687500e+00,5.690069198608398438e+00,7.271493911743164062e+00,8.383863449096679688e+00,6.324136734008789062e+00,1.889839172363281250e+00,4.465409278869628906e+00,9.036487579345703125e+00,-4.588480949401855469e+00,-8.677242279052734375e+00,2.533226013183593750e-01,8.604328155517578125e+00,8.002506256103515625e+00,-9.518001556396484375e+00,-6.258885860443115234e+00,-9.301816940307617188e+00,-7.799433708190917969e+00,6.389490127563476562e+00,8.859174728393554688e+00,-2.741875648498535156e+00,-1.025649070739746094e+00,9.121623992919921875e+00,-3.875980377197265625e+00,3.677225112915039062e-01,-4.801864624023437500e+00,2.676056861877441406e+00,-9.928979873657226562e-01,-8.781291961669921875e+00,-7.467801570892333984e+00,-4.518152236938476562e+00,9.691329956054687500e+00,3.771247863769531250e-01
4.769439697265625000e+00,9.513763427734375000e+00,8.045742034912109375e+00,2.574357986450195312e-01,1.181029319763183594e+00,5.275556564331054688e+00,7.959108352661132812e+00,-6.696747779846191406e+00,8.938577651977539062e+00,-6.025489807128906250e+00,1.882568359375000000e+00,6.217496871948242188e+00,1.765117645263671875e-01,-9.568016052246093750e+00,-4.142366409301757812e+00,7.885643005371093750e+00,5.350696563720703125e+00,-2.858972549438476562e-01,1.930006980895996094e+00,1.996899604797363281e+00,3.155862808227539062e+00,5.509041786193847656e+00,9.489631652832031250e-02,3.308963775634765625e+00,-5.102716445922851562e+00,9.736955642700195312e+00,-6.698294639587402344e+00,-7.291836738586425781e+00,2.939658164978027344e+00,1.203849792480468750e+00,-9.496202468872070312e+00,6.835140228271484375e+00,-2.955889701843261719e+00,-1.297620773315429688e+00,5.846977233886718750e-02,-8.110236167907714844e+00,-4.441615104675292969e+00,8.133981704711914062e+00,6.342205047607421875e+00,-6.554149627685546875e+00,-5.083544254302978516e+00,-2.682584762573242188e+00,-4.276504516601562500e+00,7.936105728149414062e+00,-3.991041183471679688e+00,1.938981056213378906e+00,2.904809951782226562e+00,-5.201225280761718750e-01,-1.710520744323730469e+00,5.145296096801757812e+00
4.910675048828125000e+00,-5.173110008239746094e+00,2.292371749877929688e+00,-9.918777465820312500e+00,-8.183755874633789062e-01,4.327464103698730469e+00,-2.141736984252929688e+00,-8.740843772888183594e+00,1.464853286743164062e-01,-2.001101970672607422e+00,-1.179548263549804688e+00,5.358015060424804688e+00,-1.385518074035644531e+00,-6.847482681274414062e+00,6.887563705444335938e+00,-7.572835922241210938e+00,4.826089859008789062e+00,1.689186096191406250e+00,-8.832489013671875000e+00,2.870186805725097656e+00,-9.805355072021484375e-01,-7.512423992156982422e+00,5.096990585327148438e+00,7.225519180297851562e+00,5.653475761413574219e+00,6.379484176635742188e+00,8.004650115966796875e+00,8.764549255371093750e+00,-5.964312553405761719e+00,-6.334876060485839844e+00,5.726013183593750000e+00,-2.968951225280761719e+00,-9.894598960876464844e+00,5.111267089843750000e+00,-2.593680381774902344e+00,-6.457984447479248047e+00,7.877862930297851562e+00,-9.056324958801269531e+00,-1.903991699218750000e-01,7.145833969116210938e+00,-8.105373382568359375e+00,-5.016391277313232422e+00,-3.932608604431152344e+00,8.061164855957031250e+00,-7.198574542999267578e+00,2.420742034912109375e+00,-3.383015632629394531e+00,-8.811035156250000000e+00,9.516513824462890625e+00,4.313087463378906250e-02
1.078263282775878906e+00,-2.506036758422851562e+00,-3.521585464477539062e-01,-3.218411445617675781e+00,-3.936318397521972656e+00,5.888752937316894531e+00,6.082233428955078125e+00,-1.961441040039062500e-01,5.626654624938964844e+00,-1.466746330261230469e+00,-4.436150550842285156e+00,-7.866535186767578125e-01,-5.343031883239746094e+00,-6.500196456909179688e+00,8.315145492553710938e+00,-1.817785263061523438e+00,6.641923904418945312e+00,-7.541208267211914062e+00,-8.544293403625488281e+00,3.224014282226562500e+00,-5.911293029785156250e+00,-2.361064910888671875e+00,2.934148788452148438e+00,-6.849361419677734375e+00,7.799938201904296875e+00,-6.158330440521240234e+00,-3.244543075561523438e-01,6.643939971923828125e+00,-2.907407283782958984e+00,-1.303060531616210938e+00,6.018625259399414062e+00,6.313657760620117188e+00,6.470035552978515625e+00,7.909870147705078125e+00,3.252696990966796875e-01,1.635580062866210938e+00,-2.047095298767089844e+00,6.380510330200195312e-01,7.166980743408203125e+00,9.760692596435546875e+00,8.265714645385742188e+00,2.006652832031250000e+00,5.015030860900878906e+00,-3.707450866699218750e+00,-6.897532939910888672e+00,2.542331695556640625e+00,-8.605302810668945312e+00,-4.754352569580078125e+00,2.549065589904785156e+00,6.437320709228515625e-01
3.838733673095703125e+00,1.732587814331054688e+00,-7.552282810211181641e+00,-9.900460243225097656e+00,3.741559982299804688e+00,-7.351737022399902344e+00,-2.991292476654052734e+00,9.759815216064453125e+00,4.532555580139160156e+00,5.423607826232910156e+00,-5.025137901306152344e+00,-1.882570266723632812e+00,4.043928146362304688e+00,-5.747518539428710938e+00,-5.618349075317382812e+00,8.437177658081054688e+00,-6.019392013549804688e-01,2.670804023742675781e+00,-5.421782493591308594e+00,-8.554334640502929688e+00,-5.058708190917968750e+00,3.371715545654296875e-01,-4.116835594177246094e+00,7.358909606933593750e+00,4.490412712097167969e+00,7.873390197753906250e+00,2.792492866516113281e+00,-3.199107646942138672e+00,-5.409762859344482422e+00,9.132905960083007812e+00,-2.472648620605468750e-01,7.111295700073242188e+00,1.083135604858398438e+00,-5.711481571197509766e+00,-2.950799465179443359e+00,7.060693740844726562e+00,-3.492050170898437500e+00,3.512969970703125000e+00,2.957602500915527344e+00,-3.199861049652099609e+00,-3.800081253051757812e+00,-8.272057533264160156e+00,-5.265708923339843750e+00,-1.022788047790527344e+00,4.905519485473632812e+00,6.360996246337890625e+00,7.293039321899414062e+00,-7.632082939147949219e+00,-5.484879016876220703e+00,2.427023887634277344e+00
-5.353572368621826172e+00,-6.613129615783691406e+00,9.640962600708007812e+00,-8.499250411987304688e+00,-5.246133804321289062e+00,9.072473526000976562e+00,9.532276153564453125e+00,2.955226898193359375e+00,7.790103912353515625e+00,-4.612989425659179688e+00,9.274034500122070312e+00,1.460119247436523438e+00,4.013462066650390625e+00,-4.189547538757324219e+00,9.752204895019531250e+00,-2.641659736633300781e+00,-7.022825241088867188e+00,-7.493372917175292969e+00,5.140662193298339844e+00,2.840971946716308594e+00,-5.913628578186035156e+00,6.438404083251953125e+00,3.352481842041015625e+00,4.106415748596191406e+00,2.548460006713867188e+00,9.432695388793945312e+00,-7.084016799926757812e+00,6.899646759033203125e+00,-8.626275062561035156e+00,-9.040975570678710938e-01,3.626098632812500000e+00,-3.731613159179687500e-01,9.361364364624023438e+00,8.032840728759765625e+00,-2.382755279541015625e+00,-6.455411911010742188e+00,5.097620010375976562e+00,5.322040557861328125e+00,7.426406860351562500e+00,6.953752517700195312e+00,1.362419128417968750e-02,6.162321090698242188e+00,6.008317947387695312e+00,7.668382644653320312e+00,5.900390625000000000e+00,8.970165252685546875e-02,-7.725950241088867188e+00,8.015613555908203125e+00,1.182900428771972656e+00,-4.517875671386718750e+00
1.769855499267578125e+00,1.632797241210937500e+00,-9.827532768249511719e+00,-6.988706588745117188e-01,-7.226736545562744141e+00,-5.862761497497558594e+00,5.607116699218750000e+00,-9.985431671142578125e+00,-7.105255126953125000e-01,-1.291885375976562500e-01,-4.166145324707031250e-01,-9.612449645996093750e+00,8.815887451171875000e+00,-6.272766590118408203e+00,6.464410781860351562e+00,1.462964057922363281e+00,7.311260223388671875e+00,7.593124389648437500e+00,5.524283409118652344e+00,2.012628555297851562e+00,-1.758284568786621094e+00,-3.994312286376953125e+00,6.697109222412109375e+00,2.461589813232421875e+00,3.949818611145019531e+00,-3.966920375823974609e+00,5.378503799438476562e+00,-7.840090751647949219e+00,1.464976310729980469e+00,-2.784334182739257812e+00,8.845745086669921875e+00,1.535320281982421875e+00,4.045394897460937500e+00,6.071311950683593750e+00,7.437234878540039062e+00,8.462642669677734375e+00,-7.558506965637207031e+00,-1.474292755126953125e+00,-2.495259284973144531e+00,1.261960983276367188e+00,-7.436589241027832031e+00,7.239582061767578125e+00,4.087562561035156250e-01,7.811000823974609375e+00,6.554033279418945312e+00,3.996397018432617188e+00,-5.756916999816894531e+00,-3.567600250244140625e+00,-2.738813400268554688e+00,-9.315841674804687500e+00
-8.092318534851074219e+00,9.415569305419921875e+00,-4.280629158020019531e+00,1.712888717651367188e+00,-1.289042472839355469e+00,-2.179765701293945312e-01,-1.596442222595214844e+00,7.221881866455078125e+00,-8.158681869506835938e+00,4.543525695800781250e+00,6.253856658935546875e+00,-2.774362564086914062e+00,9.624261856079101562e+00,3.378663063049316406e+00,9.677017211914062500e+00,-9.829267501831054688e+00,-4.502152442932128906e+00,2.098497390747070312e+00,5.857328414916992188e+00,2.938785552978515625e-01,-3.767661094665527344e+00,4.521421432495117188e+00,7.947694778442382812e+00,6.050006866455078125e+00,1.020193099975585938e-01,-6.777705192565917969e+00,2.588100433349609375e+00,-5.637106895446777344e+00,7.768993377685546875e+00,8.267984390258789062e-01,-6.183757781982421875e+00,9.115207672119140625e+00,3.967314720153808594e+00,8.851493835449218750e+00,-9.215364456176757812e-01,5.615991592407226562e+00,-8.657672882080078125e+00,3.842056274414062500e+00,-8.539357185363769531e+00,-7.200256347656250000e+00,8.433675765991210938e+00,-5.887027740478515625e+00,-3.113003730773925781e+00,-4.721784591674804688e-01,8.837266921997070312e+00,-4.926033973693847656e+00,-6.118353843688964844e+00,-6.095061302185058594e+00,-9.284322738647460938e+00,-9.915716171264648438e+00
-2.981361389160156250e+00,-2.008849143981933594e+00,8.303823471069335938e-01,-7.811864852905273438e+00,-9.178547859191894531e+00,-2.818677425384521484e+00,-3.962574005126953125e+00,-2.853203773498535156e+00,-6.260772705078125000e+00,5.276509284973144531e+00,-2.165947914123535156e+00,-8.956254959106445312e+00,-9.326625823974609375e+00,3.863096237182617188e+00,7.386878967285156250e+00,2.664733886718750000e+00,7.782072067260742188e+00,-9.649749755859375000e+00,7.633457183837890625e+00,4.710819244384765625e+00,-3.703632354736328125e+00,-4.455901145935058594e+00,-4.847609996795654297e+00,5.171966552734375000e-02,4.455207824707031250e+00,8.222230911254882812e+00,-2.538170814514160156e+00,9.029558181762695312e+00,3.704389572143554688e+00,-7.516242027282714844e+00,-4.419271945953369141e+00,2.346107482910156250e+00,-2.175856590270996094e+00,9.813114166259765625e+00,-4.353693962097167969e+00,-2.316895484924316406e+00,4.752527236938476562e+00,-2.547658920288085938e+00,7.452945709228515625e-01,4.994272232055664062e+00,-6.855684280395507812e+00,-2.442456245422363281e+00,1.488165855407714844e+00,-2.193943023681640625e+00,8.709402084350585938e+00,7.674495697021484375e+00,4.532127380371093750e+00,8.650024414062500000e+00,-9.095279693603515625e+00,-3.388729095458984375e-01
-1.193693161010742188e+00,4.576472282409667969e+00,8.320875167846679688e+00,-4.636950492858886719e+00,-8.186620712280273438e+00,2.118097305297851562e+00,7.772907257080078125e+00,-3.311526775360107422e+00,-2.691159248352050781e+00,5.258901596069335938e+00,7.081800460815429688e+00,-9.386424064636230469e+00,7.802522659301757812e+00,-9.687303543090820312e+00,-2.736516952514648438e+00,1.233863830566406250e-01,-5.567016601562500000e-01,1.796218872070312500e+00,-2.978024482727050781e+00,-7.861716747283935547e+00,9.070856094360351562e+00,1.142102241516113281e+00,-7.175106048583984375e+00,1.376171112060546875e+00,5.027607917785644531e+00,5.527801513671875000e-01,3.960771560668945312e+00,-9.896718978881835938e+00,8.217184066772460938e+00,1.593725204467773438e+00,-5.317591667175292969e+00,8.321060180664062500e+00,-5.366089344024658203e+00,-7.385257720947265625e+00,-2.846994400024414062e+00,3.476705551147460938e+00,-4.274864196777343750e-01,7.913238525390625000e+00,7.716520309448242188e+00,9.709550857543945312e+00,1.813915252685546875e+00,-8.025130271911621094e+00,2.310703277587890625e+00,-8.600074768066406250e+00,9.209152221679687500e+00,-7.031554222106933594e+00,7.122409820556640625e+00,-9.528636932373046875e-01,5.978551864624023438e+00,6.361806869506835938e+00
3.815649032592773438e+00,5.542455673217773438e+00,6.570528030395507812e+00,9.536914825439453125e-01,-9.579440116882324219e+00,-6.930083274841308594e+00,3.656187057495117188e+00,-4.680381774902343750e+00,7.488027572631835938e+00,-3.673027992248535156e+00,-2.882423400878906250e+00,-7.615781784057617188e+00,-7.497692108154296875e-02,-4.046525955200195312e-01,-3.606376647949218750e+00,-6.037587165832519531e+00,-8.980895042419433594e+00,5.615839958190917969e+00,-7.443789482116699219e+00,3.435591697692871094e+00,4.973660469055175781e+00,3.089359283447265625e+00,9.851043701171875000e+00,-8.492712974548339844e+00,-2.741781234741210938e+00,-1.317577362060546875e-01,9.779151916503906250e+00,1.413610458374023438e+00,-5.767838954925537109e+00,7.474733352661132812e+00,-3.764525413513183594e+00,1.060095787048339844e+00,-7.514730453491210938e+00,5.628700256347656250e+00,4.930166244506835938e+00,3.460960388183593750e+00,5.286435127258300781e+00,-3.079011440277099609e+00,5.839212417602539062e+00,-7.616940498352050781e+00,6.876657485961914062e+00,7.950532913208007812e+00,-2.856064796447753906e+00,1.512923240661621094e+00,5.918945312500000000e+00,-5.184880256652832031e+00,-1.356866836547851562e+00,4.883843421936035156e+00,7.828926086425781250e+00,-9.740154266357421875e+00
8.169324874877929688e+00,-2.298602104187011719e+00,8.072940826416015625e+00,-1.650322914123535156e+00,1.703168869018554688e+00,-2.936954498291015625e-01,-4.159119129180908203e+00,2.900818824768066406e+00,-3.949470520019531250e-01,-5.619633197784423828e+00,-8.965162277221679688e+00,5.656189918518066406e+00,-5.290558338165283203e+00,-1.543478012084960938e+00,3.224403381347656250e+00,5.117399215698242188e+00,-7.622213363647460938e+00,9.785757064819335938e-01,-1.465534210205078125e+00,-1.012120246887207031e+00,6.204557418823242188e-01,9.903476715087890625e+00,-1.238605499267578125e+00,-5.427843093872070312e+00,-1.627001762390136719e+00,-3.305846214294433594e+00,9.624061584472656250e+00,1.856690406799316406e+00,-3.626337051391601562e+00,8.857667922973632812e+00,-7.064924240112304688e-01,5.024801254272460938e+00,4.578452110290527344e+00,-1.167854309082031250e+00,3.148536682128906250e-01,8.184551239013671875e+00,-1.513713836669921875e+00,9.312168121337890625e+00,3.126996994018554688e+00,-4.130303859710693359e+00,7.896583557128906250e+00,-7.080559730529785156e+00,6.877140045166015625e+00,6.953853607177734375e+00,5.216579437255859375e-01,7.370954513549804688e+00,-5.558004379272460938e+00,-3.653306961059570312e+00,9.255369186401367188e+00,1.355544090270996094e+00
6.265344619750976562e-01,-4.457515716552734375e+00,1.326028823852539062e+00,-6.960229873657226562e+00,-9.076465606689453125e+00,6.623767852783203125e+00,1.390254974365234375e+00,-5.526872634887695312e+00,-8.448142051696777344e+00,6.490747451782226562e+00,-5.816899299621582031e+00,6.791919708251953125e+00,-8.680891036987304688e+00,-9.724799156188964844e+00,-6.054491996765136719e+00,-6.129852294921875000e+00,3.072660446166992188e+00,-7.368121147155761719e+00,8.087148666381835938e+00,1.826533317565917969e+00,3.797975540161132812e+00,7.497455596923828125e+00,-5.733636856079101562e+00,-2.793454170227050781e+00,6.210561752319335938e+00,4.955696105957031250e+00,-7.875885009765625000e+00,6.784751892089843750e+00,-5.690720081329345703e+00,1.200841903686523438e+00,-6.518868446350097656e+00,4.949222564697265625e+00,9.144731521606445312e+00,-6.893764495849609375e+00,9.988222122192382812e+00,-7.831396102905273438e+00,3.813753128051757812e+00,-1.765401840209960938e+00,-4.502271652221679688e+00,5.639086723327636719e+00,-6.897542476654052734e+00,5.358742713928222656e+00,1.125186920166015625e+00,-8.883792877197265625e+00,-2.269506454467773438e+00,7.666191101074218750e+00,-8.207920074462890625e+00,7.894680023193359375e+00,6.856561660766601562e+00,-5.592509269714355469e+00
-2.642227172851562500e+00,-7.941578865051269531e+00,6.884000778198242188e+00,-6.213936805725097656e+00,4.941902160644531250e+00,-8.552608489990234375e+00,-8.696554183959960938e+00,-5.776032447814941406e+00,6.758718490600585938e+00,-1.357150077819824219e+00,-9.545212745666503906e+00,-5.419892311096191406e+00,1.931467056274414062e-01,7.644638061523437500e+00,-5.003111362457275391e+00,-8.487004280090332031e+00,-6.226933002471923828e+00,3.322096824645996094e+00,9.336769104003906250e+00,-2.602825164794921875e-01,3.210760116577148438e+00,-2.095981597900390625e+00,-3.113567829132080078e+00,2.660093307495117188e+00,-6.976591110229492188e+00,-6.984477043151855469e+00,-8.906040191650390625e+00,2.337873458862304688e+00,-9.131200790405273438e+00,1.558236122131347656e+00,2.963357925415039062e+00,1.255756378173828125e+00,-9.391313552856445312e+00,5.576094627380371094e+00,-9.120298385620117188e+00,-9.841270446777343750e+00,-6.295948982238769531e+00,8.265348434448242188e+00,5.408594131469726562e+00,6.263931274414062500e+00,8.421648025512695312e+00,3.024798393249511719e+00,3.117174148559570312e+00,2.147359848022460938e+00,-5.826721191406250000e+00,2.186373710632324219e+00,1.438642501831054688e+00,5.175397872924804688e+00,6.784055709838867188e+00,-5.449223518371582031e+00
2.476225852966308594e+00,-9.512313842773437500e+00,-3.273328781127929688e+00,2.674494743347167969e+00,8.660121917724609375e+00,-9.181995391845703125e+00,-4.794597625732421875e+00,5.182487487792968750e+00,2.531885147094726562e+00,7.150436401367187500e+00,6.695293426513671875e+00,9.041004180908203125e+00,-2.323559761047363281e+00,-4.691905975341796875e-01,4.697407722473144531e+00,2.682197570800781250e+00,-6.041478157043457031e+00,-1.313222885131835938e+00,-2.292263507843017578e+00,-9.764909744262695312e+00,-6.086783409118652344e+00,5.330350875854492188e+00,-9.170543670654296875e+00,6.117137908935546875e+00,-8.423816680908203125e+00,-4.396763801574707031e+00,1.939352035522460938e+00,4.736354827880859375e+00,5.333948135375976562e-01,-3.677730560302734375e+00,-7.565908432006835938e+00,-1.284755706787109375e+00,6.891277313232421875e+00,6.887910842895507812e+00,-6.009669303894042969e+00,-3.099375724792480469e+00,9.134178161621093750e+00,4.986837387084960938e+00,9.588815689086914062e+00,2.240848541259765625e-01,4.466279983520507812e+00,9.330816268920898438e+00,1.405544281005859375e-01,-4.395096302032470703e+00,6.982646942138671875e+00,-6.436488628387451172e+00,1.944885253906250000e-01,-1.157545089721679688e+00,-8.302788734436035156e+00,-6.075103282928466797e+00
-3.175872802734375000e+00,-4.786185264587402344e+00,-9.010885238647460938e+00,-2.939860820770263672e+00,-6.510256767272949219e+00,4.761734008789062500e+00,-4.803144931793212891e+00,5.245023727416992188e+00,3.974503517150878906e+00,-7.929324150085449219e+00,-9.011069297790527344e+00,-6.179301738739013672e+00,5.779314041137695312e-01,-7.905070781707763672e+00,-1.106773376464843750e+00,3.559502601623535156e+00,3.702342987060546875e+00,2.130632400512695312e+00,2.194193840026855469e+00,7.817228317260742188e+00,-4.462289810180664062e+00,1.809043884277343750e+00,6.812179565429687500e+00,9.972322463989257812e+00,5.818265914916992188e+00,-5.812857151031494141e+00,1.804786682128906250e+00,1.740136146545410156e+00,-4.549396038055419922e+00,9.476467132568359375e+00,-6.472072601318359375e-01,3.360895156860351562e+00,-6.443208694458007812e+00,-8.097204208374023438e+00,-4.431995391845703125e+00,-9.764913558959960938e+00,6.372512817382812500e+00,6.261318206787109375e+00,-4.060586929321289062e+00,4.493288993835449219e+00,8.956832885742187500e-01,8.156908035278320312e+00,-6.789698600769042969e+00,-6.824615001678466797e+00,-3.095206260681152344e+00,8.077026367187500000e+00,6.820051193237304688e+00,-7.567810058593750000e+00,3.974451065063476562e+00,-8.710973739624023438e+00
-3.589891433715820312e+00,-2.594401836395263672e+00,9.656593322753906250e+00,5.894001007080078125e+00,-3.638630867004394531e+00,5.649847984313964844e+00,-8.903297424316406250e+00,-8.080654144287109375e+00,-6.473102569580078125e+00,2.606482505798339844e+00,-9.051904678344726562e-01,4.210628509521484375e+00,4.896703720092773438e+00,-3.115309715270996094e+00,-9.511861801147460938e+00,-2.783377170562744141e+00,-4.140997886657714844e+00,4.918861389160156250e+00,4.393787384033203125e-01,5.064493179321289062e+00,5.052248001098632812e+00,-6.435581207275390625e+00,-8.784418106079101562e+00,-9.890154838562011719e+00,-9.593406677246093750e+00,-9.637336730957031250e-01,-6.298092842102050781e+00,-6.108760833740234375e+00,5.375625610351562500e+00,-9.474692344665527344e+00,9.323465347290039062e+00,-1.001882553100585938e-01,-6.658515930175781250e+00,8.961887359619140625e+00,-3.953387737274169922e+00,-2.475480079650878906e+00,-2.588376045227050781e+00,6.881732940673828125e-01,-5.078140258789062500e+00,5.788818359375000000e+00,-1.618013381958007812e+00,-9.973272323608398438e+00,2.005099296569824219e+00,8.418609619140625000e+00,-3.147119522094726562e+00,1.012067794799804688e+00,2.822587966918945312e+00,9.061599731445312500e+00,7.575370788574218750e+00,-1.615411758422851562e+00
4.297834396362304688e+00,-4.009954929351806641e+00,-3.686326980590820312e+00,1.222476005554199219e+00,3.596276283264160156e+00,-7.508353233337402344e+00,8.932300567626953125e+00,3.826670646667480469e+00,-2.393250465393066406e+00,8.897703170776367188e+00,1.647287368774414062e+00,3.578844070434570312e-01,-4.458436965942382812e+00,-4.996586799621582031e+00,-9.257661819458007812e+00,6.182586669921875000e+00,4.570981025695800781e+00,4.825592041015625000e-01,-2.984342575073242188e+00,-5.404053688049316406e+00,5.756631851196289062e+00,-9.233560562133789062e-01,-7.344255447387695312e+00,-6.871310234069824219e+00,-5.106672286987304688e+00,1.445335388183593750e+00,-6.178508758544921875e+00,-7.732591629028320312e+00,-9.854069709777832031e+00,-2.923195362091064453e+00,-1.632958412170410156e+00,-1.238813400268554688e+00,1.635757446289062500e+00,-5.339107513427734375e-01,8.356655120849609375e+00,-5.797625541687011719e+00,1.720239639282226562e+00,7.688468933105468750e+00,2.644599914550781250e+00,8.697839736938476562e+00,-7.773376464843750000e+00,8.153902053833007812e+00,-5.922307968139648438e-01,-5.688842773437500000e+00,-2.207909584045410156e+00,-6.826956272125244141e+00,-2.626819610595703125e-01,-8.203790664672851562e+00,2.437253952026367188e+00,7.754013061523437500e+00
4.969576835632324219e+00,2.636116981506347656e+00,3.030986785888671875e+00,-7.385313510894775391e+00,-7.242351531982421875e+00,9.436378479003906250e-01,2.883366584777832031e+00,-8.951402664184570312e+00,-3.036547660827636719e+00,-5.237421035766601562e+00,9.915353775024414062e+00,3.921865463256835938e+00,9.178323745727539062e+00,-2.354708671569824219e+00,2.257642745971679688e+00,-5.303380489349365234e+00,5.617322921752929688e-01,-5.867316722869873047e+00,-8.521755218505859375e+00,-7.641492843627929688e+00,7.681295394897460938e+00,3.703706741333007812e+00,5.686447143554687500e+00,4.584139823913574219e+00,-4.108734130859375000e-01,-1.488948822021484375e+00,-5.575053691864013672e+00,-4.157497882843017578e+00,-4.979534149169921875e-01,6.947628021240234375e+00,1.468717575073242188e+00,-2.553532123565673828e+00,-4.624038696289062500e+00,5.012508392333984375e+00,-4.759278297424316406e+00,3.275676727294921875e+00,-3.971292972564697266e+00,1.978655815124511719e+00,-4.643321037292480469e+00,3.452774047851562500e+00,-2.822113037109375000e-01,-2.897945404052734375e+00,-2.026271820068359375e+00,8.696949005126953125e+00,1.162591934204101562e+00,-3.086728096008300781e+00,6.862771987915039062e+00,-1.170177459716796875e+00,-1.918240547180175781e+00,-2.254647254943847656e+00
-1.867395401000976562e+00,-9.570666313171386719e+00,6.005558013916015625e+00,-4.202411174774169922e+00,7.669233322143554688e+00,-6.417398452758789062e+00,4.956445693969726562e-01,-8.329942703247070312e+00,-3.518314361572265625e-01,-9.481726646423339844e+00,-1.319614410400390625e+00,1.803289413452148438e+00,6.650388717651367188e+00,7.582069396972656250e+00,-1.156490325927734375e+00,-4.536322593688964844e+00,1.754665374755859375e-02,9.819278717041015625e+00,1.511855125427246094e+00,1.031532287597656250e-01,-4.389548301696777344e+00,4.225482940673828125e-01,3.748634338378906250e+00,-6.055745124816894531e+00,-3.406610488891601562e-01,5.020196914672851562e+00,7.632102966308593750e-01,3.532980918884277344e+00,-6.559778213500976562e+00,-5.745503902435302734e+00,3.831403732299804688e+00,7.992191314697265625e+00,7.401487350463867188e+00,-7.592982292175292969e+00,-9.086712837219238281e+00,-7.693750858306884766e+00,3.763909339904785156e+00,-3.341220855712890625e+00,-9.884084701538085938e+00,-7.188835144042968750e+00,7.459121704101562500e+00,-7.085128784179687500e+00,-9.805068016052246094e+00,-7.275476455688476562e-01,-4.738420486450195312e+00,-9.445003509521484375e+00,4.728283882141113281e+00,1.806976318359375000e+00,7.341268539428710938e+00,-9.089740753173828125e+00
8.766176223754882812e+00,-8.897639274597167969e+00,-6.460857391357421875e+00,3.099983215332031250e+00,-5.948504447937011719e+00,-7.006682395935058594e+00,6.665508270263671875e+00,-7.179585456848144531e+00,-5.420005321502685547e+00,-4.714641571044921875e+00,1.674568176269531250e+00,-6.286621093750000000e-03,-3.858495712280273438e+00,7.344120025634765625e+00,-5.725993156433105469e+00,6.523750305175781250e+00,-1.364959716796875000e+00,-1.577751159667968750e+00,-8.491527557373046875e+00,-8.187766075134277344e+00,3.424662590026855469e+00,5.080297470092773438e+00,-9.900539398193359375e+00,-9.200265884399414062e+00,-1.337233543395996094e+00,-1.922444343566894531e+00,8.141160964965820312e+00,-5.448608398437500000e+00,-1.352214813232421875e-01,7.010612487792968750e-01,8.638948440551757812e+00,5.673013687133789062e+00,3.204803466796875000e-01,-3.345270156860351562e+00,-4.437689781188964844e+00,-7.853778839111328125e+00,7.867630004882812500e+00,-7.038135528564453125e+00,-3.931752204895019531e+00,-6.005288124084472656e+00,2.168389320373535156e+00,8.649108886718750000e+00,-9.284943580627441406e+00,-2.799424171447753906e+00,6.032274246215820312e+00,-2.079697608947753906e+00,8.828769683837890625e+00,1.763981819152832031e+00,-1.337574005126953125e+00,-3.218641281127929688e-01
1.334730148315429688e+00,8.791578292846679688e+00,-1.585420608520507812e+00,5.742320060729980469e+00,5.480587005615234375e+00,-6.129121780395507812e+00,-9.364463806152343750e+00,2.595468521118164062e+00,-8.850332260131835938e+00,6.707630157470703125e-01,2.104379653930664062e+00,1.474184036254882812e+00,2.912992477416992188e+00,-4.574310779571533203e+00,8.292531967163085938e+00,-3.694375991821289062e+00,1.691188812255859375e-01,8.010437011718750000e+00,-5.732040405273437500e-01,1.253322601318359375e+00,2.160806655883789062e+00,-2.289491653442382812e+00,-1.960203170776367188e+00,-3.388609886169433594e+00,-6.959542274475097656e+00,-3.924522399902343750e+00,-2.829703330993652344e+00,3.551904678344726562e+00,-3.193720817565917969e+00,8.533542633056640625e+00,-3.939408302307128906e+00,-1.478887557983398438e+00,2.456958770751953125e+00,9.265094757080078125e+00,-8.516477584838867188e+00,-1.057670593261718750e+00,8.982215881347656250e+00,4.534959793090820312e+00,-4.387371540069580078e+00,1.768842697143554688e+00,6.755739212036132812e+00,7.441461563110351562e+00,6.864816665649414062e+00,-3.775403499603271484e+00,-9.154697418212890625e+00,-2.888704299926757812e+00,8.546905517578125000e+00,-2.912614345550537109e+00,-9.076156616210937500e-01,-4.056234359741210938e+00
-2.184646129608154297e+00,1.219106674194335938e+00,-7.051652908325195312e+00,5.187702178955078125e+00,6.882720947265625000e+00,4.859986305236816406e+00,-3.084692001342773438e+00,3.758381843566894531e+00,-3.519630432128906250e-02,2.364675521850585938e+00,1.400891304016113281e+00,-1.047571182250976562e+00,7.144350051879882812e+00,-6.094300746917724609e+00,-7.523365974426269531e+00,-7.371053695678710938e-01,-9.831840515136718750e+00,-3.942921161651611328e+00,-3.164492607116699219e+00,1.889934539794921875e+00,-9.709403991699218750e+00,-2.278208732604980469e+00,-6.069911956787109375e+00,-3.949124813079833984e+00,5.832747459411621094e+00,-7.388583183288574219e+00,3.405900001525878906e+00,-3.759325981140136719e+00,-5.643216133117675781e+00,3.782239913940429688e+00,8.661676406860351562e+00,-7.714390754699707031e+00,-9.597157478332519531e+00,-1.757709503173828125e+00,7.448101043701171875e-02,-7.059918403625488281e+00,6.789001464843750000e+00,9.105854034423828125e+00,3.309267997741699219e+00,9.584342956542968750e+00,-8.998752593994140625e+00,-9.934001922607421875e+00,6.140312194824218750e+00,1.410269737243652344e+00,-9.564075469970703125e+00,9.232128143310546875e+00,-7.181525230407714844e+00,-3.675116539001464844e+00,4.599890708923339844e+00,-5.846954345703125000e+00
-5.003295898437500000e+00,-8.671710968017578125e+00,-4.458846092224121094e+00,-7.490627765655517578e+00,-4.408854484558105469e+00,5.235670089721679688e+00,9.598308563232421875e+00,9.238140106201171875e+00,-4.747633934020996094e+00,8.621532440185546875e+00,-4.419882297515869141e+00,-7.768177986145019531e+00,-8.845844268798828125e+00,-8.350176811218261719e+00,1.503058433532714844e+00,6.507783889770507812e+00,-7.976732254028320312e-01,-8.257194519042968750e+00,-2.160382270812988281e+00,7.604318618774414062e+00,6.976207733154296875e+00,-8.998451232910156250e+00,1.335383415222167969e+00,6.822891235351562500e-01,-5.907363891601562500e-01,-7.094500064849853516e+00,-7.974396705627441406e+00,6.265991210937500000e+00,-8.012599945068359375e+00,-3.219643592834472656e+00,9.875728607177734375e+00,-4.778540134429931641e+00,1.229166984558105469e+00,-3.087725639343261719e+00,-8.909646987915039062e+00,-4.094657897949218750e-01,-9.415473937988281250e-01,-8.293622970581054688e+00,3.737575531005859375e+00,-7.262033462524414062e+00,5.862802505493164062e+00,4.281740188598632812e+00,5.329724311828613281e+00,-3.235297203063964844e+00,4.325045585632324219e+00,6.490470886230468750e+00,6.814002990722656250e-02,2.103219985961914062e+00,-2.800716400146484375e+00,-6.948572158813476562e+00
5.696531295776367188e+00,7.950593948364257812e+00,5.544689178466796875e+00,-1.937861442565917969e+00,8.106649398803710938e+00,3.377622604370117188e+00,-5.222910881042480469e+00,-6.111569404602050781e+00,-4.783097267150878906e+00,-8.276699066162109375e+00,7.289640426635742188e+00,-3.117136955261230469e+00,-5.441103935241699219e+00,-8.936610221862792969e+00,9.261711120605468750e+00,-4.807930946350097656e+00,-3.583729267120361328e+00,6.959478378295898438e+00,-7.006652355194091797e+00,9.593721389770507812e+00,-2.722906112670898438e+00,6.059434890747070312e+00,5.700283050537109375e+00,8.419384002685546875e+00,4.179368019104003906e+00,-2.609066963195800781e+00,9.885454177856445312e-01,3.199357986450195312e+00,9.533712387084960938e+00,2.002797126770019531e+00,-9.204541206359863281e+00,1.965876579284667969e+00,7.102684020996093750e+00,2.334606170654296875e+00,9.271099090576171875e+00,-8.384694099426269531e+00,-6.149960517883300781e+00,2.788944244384765625e-01,-8.727910995483398438e+00,-3.751038551330566406e+00,8.728614807128906250e+00,-4.443496704101562500e+00,5.632061958312988281e+00,-8.342678070068359375e+00,-8.486949920654296875e+00,2.522848129272460938e+00,9.235595703125000000e+00,3.238053321838378906e+00,-5.488855838775634766e+00,-2.600641250610351562e+00
-7.094192504882812500e+00,3.673631668090820312e+00,2.914566993713378906e+00,-7.962093353271484375e+00,3.886484146118164062e+00,-6.762256622314453125e+00,-4.003868103027343750e+00,7.186111450195312500e+00,3.790359497070312500e-01,-4.154284000396728516e+00,7.671203613281250000e+00,-3.057966232299804688e+00,2.741468429565429688e+00,1.927990913391113281e+00,-9.438846588134765625e+00,2.080394744873046875e+00,2.231778144836425781e+00,1.605884552001953125e+00,-9.908559799194335938e+00,-8.613109588623046875e-01,5.679212570190429688e+00,-9.905161857604980469e+00,9.923635482788085938e+00,8.082897186279296875e+00,-1.645031929016113281e+00,2.271150588989257812e+00,-3.430133819580078125e+00,-6.706651687622070312e+00,9.017063140869140625e+00,-6.199913024902343750e+00,-2.513427734375000000e+00,1.596937179565429688e+00,-2.794813156127929688e+00,-4.539096355438232422e+00,-5.195140838623046875e-01,3.376646041870117188e+00,-5.037093162536621094e+00,3.946076393127441406e+00,1.280551910400390625e+00,-3.478971481323242188e+00,-1.379484176635742188e+00,-9.331892013549804688e+00,-1.693992614746093750e+00,2.691226959228515625e+00,-6.869215965270996094e+00,5.268074035644531250e+00,5.395677566528320312e+00,-2.591953277587890625e+00,6.830722808837890625e+00,-8.910774230957031250e+00
1.543426513671875000e+00,-9.017856597900390625e+00,8.594390869140625000e+00,2.169464111328125000e+00,7.257894515991210938e+00,1.768765449523925781e+00,-4.455614089965820312e-01,6.103960037231445312e+00,7.361000061035156250e+00,3.442516326904296875e-01,9.601013183593750000e+00,9.174194335937500000e-01,-3.160572052001953125e-01,-9.810398101806640625e+00,8.652938842773437500e+00,6.418735504150390625e+00,-7.369215488433837891e+00,7.058441162109375000e+00,-9.771369934082031250e+00,3.670310020446777344e+00,6.858028411865234375e+00,4.700929641723632812e+00,1.852159500122070312e+00,5.600954055786132812e+00,-3.685657978057861328e+00,-4.248533248901367188e-01,3.175706863403320312e+00,7.518720626831054688e+00,7.402276992797851562e+00,7.419290542602539062e-01,8.861495971679687500e+00,-2.363277435302734375e+00,-9.364418029785156250e+00,-3.325466156005859375e+00,-2.277196884155273438e+00,-4.794812202453613281e+00,1.605405807495117188e+00,7.344940185546875000e+00,5.077486991882324219e+00,9.476491928100585938e+00,-2.268133163452148438e+00,-3.713338375091552734e+00,-1.003749847412109375e+00,2.900318145751953125e+00,7.738670349121093750e+00,9.305959701538085938e+00,-2.874212265014648438e+00,5.801591873168945312e+00,-7.008082866668701172e+00,6.854269027709960938e+00
-8.168554306030273438e+00,-9.888193130493164062e+00,2.340492248535156250e+00,8.341800689697265625e+00,-6.794878005981445312e+00,5.915565490722656250e+00,-1.269103050231933594e+00,-4.205131530761718750e-02,3.510867118835449219e+00,-2.931613922119140625e+00,4.371700286865234375e+00,-8.282222747802734375e-01,7.234121322631835938e+00,3.682689666748046875e+00,2.161254882812500000e+00,2.730426788330078125e-01,2.346071243286132812e+00,2.512718200683593750e+00,-7.636656761169433594e+00,-9.640254974365234375e+00,4.603826522827148438e+00,2.101642608642578125e+00,4.345936775207519531e+00,2.792845726013183594e+00,6.055868148803710938e+00,4.744411468505859375e+00,2.543526649475097656e+00,7.676334381103515625e+00,3.458616256713867188e+00,-6.325191497802734375e+00,-9.810628890991210938e-01,-2.866256237030029297e+00,2.421411514282226562e+00,7.340457916259765625e+00,2.904680252075195312e+00,-9.090132713317871094e+00,9.830266952514648438e+00,4.481123924255371094e+00,-3.014951705932617188e+00,7.355110168457031250e+00,-5.940310955047607422e+00,8.961082458496093750e+00,-2.502293586730957031e+00,-3.022812843322753906e+00,-2.394365310668945312e+00,-3.898823261260986328e+00,-8.060432434082031250e+00,-8.147500991821289062e+00,8.901107788085937500e+00,7.082555770874023438e+00
9.342227935791015625e+00,-8.635034561157226562e+00,-9.078116416931152344e+00,-1.001255035400390625e+00,-5.920601844787597656e+00,-1.008276939392089844e+00,4.617047309875488281e+00,-2.395228385925292969e+00,5.137802124023437500e+00,5.395143508911132812e+00,8.107856750488281250e+00,-4.120925903320312500e+00,-4.214146137237548828e+00,4.677639007568359375e-01,5.271629333496093750e+00,-2.662439346313476562e+00,3.240527153015136719e+00,-8.749553680419921875e+00,-1.645555496215820312e-01,2.592319488525390625e+00,1.987230300903320312e+00,1.617399215698242188e+00,-7.068483829498291016e+00,2.062415122985839844e+00,-9.576944351196289062e+00,9.324604034423828125e+00,-4.658327102661132812e+00,3.457489967346191406e+00,5.266283035278320312e+00,3.953089714050292969e+00,4.752244949340820312e-01,-9.330500602722167969e+00,6.300342559814453125e+00,8.947307586669921875e+00,4.208778381347656250e+00,7.057386398315429688e+00,-1.053637504577636719e+00,9.848514556884765625e+00,5.014493942260742188e+00,2.316432952880859375e+00,1.740050315856933594e+00,9.720825195312500000e+00,4.480880737304687500e+00,-9.735260009765625000e+00,-4.969243049621582031e+00,-1.219373703002929688e+00,-4.505918025970458984e+00,1.553477287292480469e+00,1.521741867065429688e+00,4.157636642456054688e+00
9.704217910766601562e+00,1.017931938171386719e+00,9.332262039184570312e+00,-3.767295837402343750e+00,8.093126296997070312e+00,-9.170701980590820312e+00,5.907066345214843750e+00,4.149061203002929688e+00,-9.490881919860839844e+00,2.435287475585937500e+00,-9.299745559692382812e-01,-4.290177822113037109e+00,8.635616302490234375e-01,-3.238764762878417969e+00,3.810606002807617188e-01,-4.916864395141601562e+00,-6.876494884490966797e+00,9.978839874267578125e+00,8.946556091308593750e+00,-2.751966476440429688e+00,5.573715209960937500e+00,3.386412620544433594e+00,2.144426345825195312e+00,3.788355827331542969e+00,4.566858291625976562e+00,-8.591493606567382812e+00,3.789049148559570312e+00,9.005359649658203125e+00,8.405494689941406250e+00,-2.789084911346435547e+00,-3.001364707946777344e+00,-7.617614269256591797e+00,4.880825042724609375e+00,-7.052484512329101562e+00,9.754932403564453125e+00,-7.479932308197021484e+00,1.082592010498046875e+00,-1.127555847167968750e+00,-3.547298908233642578e+00,3.016425132751464844e+00,-2.024838924407958984e+00,5.706957817077636719e+00,1.527576446533203125e+00,1.616915702819824219e+00,3.558662414550781250e+00,-7.526763916015625000e+00,-4.554088115692138672e+00,-5.964615345001220703e+00,-5.692765712738037109e+00,2.028219223022460938e+00
-8.992386817932128906e+00,3.671760559082031250e+00,-9.068604469299316406e+00,-1.483642578125000000e+00,6.000041961669921875e-02,-6.337748527526855469e+00,3.980478286743164062e+00,-6.110710144042968750e+00,-1.052422523498535156e+00,9.862592697143554688e+00,6.156917572021484375e+00,7.067626953125000000e+00,5.891084671020507812e-01,-6.004099845886230469e+00,-5.191949844360351562e+00,9.742450714111328125e+00,5.697360992431640625e+00,4.010896682739257812e+00,2.510475158691406250e+00,-2.621768951416015625e+00,-3.098287582397460938e-01,-6.906673908233642578e+00,-6.916946411132812500e+00,3.685432434082031250e+00,6.472793579101562500e+00,1.275925636291503906e+00,8.399580001831054688e+00,9.545324325561523438e+00,1.227365493774414062e+00,7.244934082031250000e+00,3.944072723388671875e-01,5.607876777648925781e+00,7.431671142578125000e+00,-3.288973808288574219e+00,-2.195372581481933594e+00,-8.445112228393554688e+00,8.934164047241210938e+00,-1.738241195678710938e+00,-8.491085052490234375e+00,-4.117599487304687500e+00,-4.581413269042968750e+00,2.541551589965820312e-01,6.903503417968750000e+00,8.464632034301757812e-01,5.201292037963867188e-01,-4.911766052246093750e+00,-9.658527374267578125e-01,-4.639554977416992188e+00,1.554770469665527344e+00,-7.270670890808105469e+00
-2.189085483551025391e+00,9.391464233398437500e+00,9.905761718750000000e+00,-5.386755466461181641e+00,6.430088043212890625e+00,-8.854469299316406250e+00,6.863630294799804688e+00,5.817775726318359375e+00,-4.379911422729492188e+00,-5.016930103302001953e+00,9.791709899902343750e+00,-1.672458648681640625e-01,-4.405498504638671875e-01,7.309156417846679688e+00,-2.161174774169921875e+00,-1.581526756286621094e+00,6.933650970458984375e+00,7.715057373046875000e+00,-9.763707160949707031e+00,-9.886760711669921875e-01,2.391065597534179688e+00,2.063044548034667969e+00,7.397573471069335938e+00,8.989860534667968750e+00,3.721115112304687500e+00,-4.668529033660888672e+00,6.155466079711914062e+00,-5.429999828338623047e+00,-2.163058280944824219e+00,7.116559982299804688e+00,6.649398803710937500e-01,-7.865355014801025391e+00,-8.904386520385742188e+00,7.347705841064453125e+00,3.234854698181152344e+00,-7.992429733276367188e+00,2.476285934448242188e+00,-4.985859394073486328e+00,8.246356964111328125e+00,8.891260147094726562e+00,2.576527595520019531e+00,9.393669128417968750e+00,3.617027282714843750e+00,1.624788284301757812e+00,3.392900466918945312e+00,-4.607318878173828125e+00,-7.594084739685058594e+00,-4.024281501770019531e+00,2.487454414367675781e+00,9.277454376220703125e+00
-2.525991439819335938e+00,7.647291183471679688e+00,-3.238658905029296875e+00,-7.352217674255371094e+00,-9.006664276123046875e+00,5.645228385925292969e+00,6.642541885375976562e+00,-7.236775398254394531e+00,-7.512044906616210938e-01,-4.786243438720703125e+00,5.581060409545898438e+00,-5.697850227355957031e+00,-8.122401237487792969e+00,-1.106178283691406250e+00,-3.117233276367187500e+00,-3.590439796447753906e+00,-2.901840209960937500e-01,3.523243904113769531e+00,-9.241447448730468750e-01,-2.790584564208984375e+00,-4.549750328063964844e+00,1.241695404052734375e+00,4.752336502075195312e+00,9.839500427246093750e+00,-6.083565711975097656e+00,-5.883767604827880859e+00,-1.900007247924804688e+00,5.723433494567871094e+00,4.839551925659179688e+00,-2.226418495178222656e+00,1.230110168457031250e+00,-6.581178665161132812e+00,-1.472213745117187500e+00,-9.623293876647949219e+00,-4.947885513305664062e+00,-3.661665916442871094e+00,3.914016723632812500e+00,7.795330047607421875e+00,5.254324913024902344e+00,-5.172451972961425781e+00,4.160355567932128906e+00,2.868980407714843750e+00,8.099239349365234375e+00,-3.130395412445068359e+00,1.569834709167480469e+00,2.423138618469238281e+00,3.140994071960449219e+00,4.264486312866210938e+00,3.500568389892578125e+00,4.600942611694335938e+00
5.307854652404785156e+00,6.939353942871093750e+00,-2.796602249145507812e+00,-5.090371131896972656e+00,2.884474754333496094e+00,-8.121767044067382812e-01,-8.365924835205078125e+00,-9.483312606811523438e+00,8.829252243041992188e+00,6.257116317749023438e+00,8.244583129882812500e+00,4.068504333496093750e+00,3.730221748352050781e+00,8.003604888916015625e+00,4.714282989501953125e+00,5.641307830810546875e-01,-1.482106208801269531e+00,-3.128964900970458984e+00,2.325819969177246094e+00,-2.200941085815429688e+00,1.738333702087402344e+00,8.205007553100585938e+00,2.420510292053222656e+00,4.620423316955566406e+00,-9.252882003784179688e+00,-2.822190284729003906e+00,6.765222549438476562e+00,9.466270446777343750e+00,1.804477691650390625e+00,-1.086055755615234375e+00,3.719210624694824219e+00,-7.283134460449218750e-01,3.089466094970703125e-01,-8.114975929260253906e+00,2.588156700134277344e+00,2.781322479248046875e+00,-2.560290336608886719e+00,5.890549659729003906e+00,-4.324432373046875000e+00,4.542436599731445312e-01,-3.312904834747314453e+00,-8.886089324951171875e+00,9.207435607910156250e+00,-6.500923633575439453e+00,3.706394195556640625e+00,1.792304992675781250e+00,-2.543601989746093750e-01,5.611574172973632812e+00,6.104564666748046875e+00,-4.512217044830322266e+00
-5.383491516113281250e-01,-7.432963848114013672e+00,-3.294923305511474609e+00,6.144502639770507812e+00,-1.861462593078613281e+00,-5.632603168487548828e+00,1.831197738647460938e+00,5.355642318725585938e+00,-4.493638038635253906e+00,7.878810882568359375e+00,-5.504055976867675781e+00,9.718999862670898438e-01,-3.215305805206298828e+00,-1.792488098144531250e+00,1.408632278442382812e+00,-7.847929954528808594e+00,-7.906161308288574219e+00,-3.643550872802734375e-01,-2.183795928955078125e+00,-7.399138450622558594e+00,-5.225908756256103516e+00,4.039984703063964844e+00,8.787519454956054688e+00,6.349000930786132812e-01,2.295759201049804688e+00,4.903457641601562500e+00,-6.647300720214843750e-01,-5.243971347808837891e+00,-6.076007843017578125e+00,-2.035554885864257812e+00,-3.026039600372314453e+00,3.290915489196777344e+00,-3.387428283691406250e+00,-4.927783012390136719e+00,-2.224276065826416016e+00,-5.492133140563964844e+00,4.079010009765625000e+00,6.487176895141601562e+00,-5.197505950927734375e+00,-4.389544486999511719e+00,2.414222717285156250e+00,-2.226226329803466797e+00,-1.829586029052734375e-01,-8.185511589050292969e+00,2.101522445678710938e+00,-6.641139984130859375e+00,-3.492623329162597656e+00,1.227209091186523438e+00,-1.436079025268554688e+00,-8.154508590698242188e+00
-4.316362380981445312e+00,-9.128082275390625000e+00,6.845026016235351562e+00,-4.996821880340576172e+00,3.709753036499023438e+00,-7.281127929687500000e+00,-1.521625518798828125e+00,2.974464416503906250e+00,-6.718877792358398438e+00,3.620422363281250000e+00,2.397447586059570312e+00,1.219249725341796875e+00,-9.195363998413085938e+00,-7.565202713012695312e-01,-7.638789176940917969e+00,4.308109283447265625e+00,1.842852592468261719e+00,6.736055374145507812e+00,-5.184819698333740234e+00,8.680845260620117188e+00,-8.761508941650390625e+00,-7.992751598358154297e+00,3.859111785888671875e+00,9.904113769531250000e+00,-8.081319808959960938e+00,-9.458426475524902344e+00,-3.119317054748535156e+00,6.277658462524414062e+00,-2.914167404174804688e+00,7.354263305664062500e+00,-3.541747093200683594e+00,-5.845584869384765625e-01,-1.866563796997070312e+00,8.907976150512695312e-01,3.928894042968750000e+00,-9.274431228637695312e+00,4.604185104370117188e+00,9.698123931884765625e-01,4.680213928222656250e+00,4.281427383422851562e+00,3.872056961059570312e+00,-4.165035247802734375e+00,-8.786200523376464844e+00,2.864699363708496094e+00,1.161681175231933594e+00,-4.597540855407714844e+00,1.495162963867187500e+00,4.737605094909667969e+00,5.815287590026855469e+00,-2.371667861938476562e+00
7.552640914916992188e+00,-2.971643447875976562e+00,5.419635772705078125e-02,-1.364164352416992188e+00,5.304548263549804688e+00,-1.983270645141601562e+00,-6.795408725738525391e+00,5.460786819458007812e-01,-5.545797348022460938e+00,3.572811126708984375e+00,-3.539643287658691406e+00,8.661489486694335938e+00,-5.273115634918212891e+00,6.093008041381835938e+00,-6.412155628204345703e+00,4.653432846069335938e+00,-4.572486877441406250e-02,3.846607208251953125e-01,-6.321690082550048828e+00,-1.544836044311523438e+00,4.997644424438476562e+00,6.187675476074218750e+00,-5.520370006561279297e+00,3.763957977294921875e+00,6.911287307739257812e-01,-9.342161178588867188e+00,9.995069503784179688e+00,-6.445121765136718750e-02,-9.237968444824218750e+00,-7.296548843383789062e+00,-5.077726840972900391e+00,-2.238174438476562500e+00,-8.911849975585937500e+00,8.164218902587890625e+00,5.737831115722656250e+00,5.217814445495605469e+00,-8.707258224487304688e+00,9.204860687255859375e+00,6.805370330810546875e+00,-3.719749450683593750e-01,9.062995910644531250e-01,1.052798271179199219e+00,-8.494701385498046875e-01,2.695835113525390625e+00,-1.604365348815917969e+00,6.879589080810546875e+00,-8.124995231628417969e+00,1.960327148437500000e+00,6.298818588256835938e+00,2.993441581726074219e+00
9.863506317138671875e+00,5.315079689025878906e+00,-5.625293254852294922e+00,-1.103157043457031250e+00,-4.763927459716796875e+00,-8.685755729675292969e+00,-9.506999969482421875e+00,4.054383277893066406e+00,6.710109710693359375e-01,1.265960693359375000e+00,2.910209655761718750e+00,4.224855422973632812e+00,4.897930145263671875e+00,-9.784255027770996094e+00,6.199371337890625000e+00,6.244352340698242188e+00,-4.492178916931152344e+00,-1.816739082336425781e+00,4.711693763732910156e+00,5.819341659545898438e+00,8.467849731445312500e+00,-7.608104705810546875e+00,-1.357833862304687500e+00,4.171337127685546875e+00,6.609338760375976562e+00,-3.225418090820312500e+00,-3.330412864685058594e+00,7.832113265991210938e+00,1.084633827209472656e+00,2.814597129821777344e+00,1.511026382446289062e+00,-9.553068161010742188e+00,-7.660789489746093750e-01,5.329374313354492188e+00,-1.274394989013671875e+00,-4.840703010559082031e+00,7.184747695922851562e+00,8.142900466918945312e-01,-3.923211097717285156e+00,6.907917022705078125e+00,-2.081317901611328125e+00,6.486167907714843750e+00,1.086570739746093750e+00,6.108604431152343750e+00,7.836051940917968750e+00,-7.624089717864990234e+00,-4.238606452941894531e+00,-5.919706821441650391e+00,4.236688613891601562e-01,-4.872499465942382812e+00
-3.529529571533203125e+00,-4.211263656616210938e+00,9.946834564208984375e+00,-9.238323211669921875e+00,-7.832609176635742188e+00,-1.003263473510742188e+00,1.165471076965332031e+00,6.397611618041992188e+00,5.042699813842773438e+00,9.995861053466796875e+00,-4.681501388549804688e-01,7.291370391845703125e+00,7.421348571777343750e+00,1.046953201293945312e-01,5.680673599243164062e+00,1.391248703002929688e+00,-2.980117797851562500e-01,4.265938758850097656e+00,7.708440780639648438e+00,7.967870712280273438e+00,9.951944351196289062e+00,9.098945617675781250e+00,-2.396755218505859375e-01,2.026597023010253906e+00,-2.778080940246582031e+00,-9.844036102294921875e-01,-7.015782356262207031e+00,-7.958786487579345703e+00,9.250133514404296875e+00,-6.038138866424560547e+00,6.947032928466796875e+00,-6.983377933502197266e+00,-9.811125755310058594e+00,-7.609138488769531250e+00,4.328433990478515625e+00,3.946724891662597656e+00,1.217905044555664062e+00,2.315369606018066406e+00,4.965766906738281250e+00,-6.926487922668457031e+00,8.351972579956054688e+00,2.483617782592773438e+00,-1.115752220153808594e+00,4.097088813781738281e+00,-9.680371284484863281e+00,7.346239089965820312e-01,-2.845462799072265625e+00,8.064586639404296875e+00,1.961248397827148438e+00,8.412815093994140625e+00
